algorithm,scenario_index,nDevices,nGateways,radius,simulationTime,appPeriod,payloadSize,best_solution,mean_solution,worst_solution,std_solution,mean_time
GA,0,100,1,7500,3600,60,10,0.993382639159206,0.9900712601845556,0.985342974399062,0.0033315700289179,8696.720127916336
GA,1,100,1,7500,3600,60,20,0.9903866248693834,0.9869316399674696,0.9834900731452456,0.0021896261542118,8353.989280986785
GA,2,100,1,7500,3600,60,30,0.9884506428415776,0.9829057077658988,0.978675645342312,0.0032921829763419,8110.14411869049
GA,3,100,1,7500,3600,60,40,0.984817115251898,0.9778427380488054,0.9711776626885836,0.0043568055779182,7952.071948909759
GA,4,100,1,7500,3600,60,50,0.982707622298066,0.9743081771869524,0.9669441141498216,0.0051185694950112,7661.518374967575
GA,5,100,1,7500,3600,300,10,1.0,1.0,1.0,0.0,4317.798417711258
GA,6,100,1,7500,3600,300,20,1.0,1.0,1.0,0.0,4316.948620319367
GA,7,100,1,7500,3600,300,30,1.0,1.0,1.0,0.0,4317.320513629913
GA,8,100,1,7500,3600,300,40,1.0,1.0,1.0,0.0,4316.402412986756
GA,9,100,1,7500,3600,300,50,1.0,1.0,1.0,0.0,4317.728270864487
GA,10,100,1,7500,3600,600,10,1.0,1.0,1.0,0.0,3726.4089814186095
GA,11,100,1,7500,3600,600,20,1.0,1.0,1.0,0.0,3726.815689659119
GA,12,100,1,7500,3600,600,30,1.0,1.0,1.0,0.0,3725.957429361343
GA,13,100,1,7500,3600,600,40,1.0,1.0,1.0,0.0,3726.3282371521
GA,14,100,1,7500,3600,600,50,1.0,1.0,1.0,0.0,3727.029465436936
GA,15,100,1,7500,3600,900,10,1.0,1.0,1.0,0.0,3536.4421223640443
GA,16,100,1,7500,3600,900,20,1.0,1.0,1.0,0.0,3534.711087226868
GA,17,100,1,7500,3600,900,30,1.0,1.0,1.0,0.0,3536.280998754501
GA,18,100,1,7500,3600,900,40,1.0,1.0,1.0,0.0,3535.7693764686583
GA,19,100,1,7500,3600,900,50,1.0,1.0,1.0,0.0,3536.816485786438
GA,20,200,1,7500,3600,60,10,0.9314055144586416,0.9199227711508275,0.9120220190700876,0.0064397433971095,24181.68580269813
GA,21,200,1,7500,3600,60,20,0.9201735795741244,0.9139435214541684,0.9105483508628612,0.0035001692910928,22982.95304698944
GA,22,200,1,7500,3600,60,30,0.92085493598561,0.9003007714666795,0.8918515358361775,0.010518390132998,22241.6124024868
GA,23,200,1,7500,3600,60,40,0.9002537791018427,0.8905729170715144,0.8826210826210826,0.006858974546834,21517.358421659468
GA,24,200,1,7500,3600,60,50,0.8860506180105945,0.8778622579968005,0.8617045454545454,0.0084354914935133,20675.82567281723
GA,25,200,1,7500,3600,300,10,0.9891666666666666,0.9818333333333332,0.9783333333333334,0.0038604116073001,7707.7018207550045
GA,26,200,1,7500,3600,300,20,0.9841666666666666,0.9774166666666666,0.9683333333333334,0.0052466920795657,7703.2592464447025
GA,27,200,1,7500,3600,300,30,0.98625,0.9769166666666668,0.9716666666666668,0.0051275400209717,7696.949625492096
GA,28,200,1,7500,3600,300,40,0.9716666666666668,0.96775,0.965,0.0026034165586355,7681.128962659835
GA,29,200,1,7500,3600,300,50,0.97,0.9641666666666666,0.9575,0.0044953679864203,7679.319277000427
GA,30,200,1,7500,3600,600,10,0.9933333333333332,0.9888333333333332,0.9791666666666666,0.0050717080182343,5401.910680770874
GA,31,200,1,7500,3600,600,20,0.99,0.9878333333333332,0.9858333333333332,0.0013540064007726,5401.868641519546
GA,32,200,1,7500,3600,600,30,0.9916666666666668,0.9881666666666667,0.985,0.0021343747458109,5397.913588380814
GA,33,200,1,7500,3600,600,40,0.9925,0.9858333333333336,0.9808333333333332,0.0045030853620354,5399.737642288208
GA,34,200,1,7500,3600,600,50,0.9916666666666668,0.9853333333333334,0.9775,0.0049046463231873,5400.975331830979
GA,35,200,1,7500,3600,900,10,0.995,0.9905000000000002,0.985,0.0039999999999999,4646.12376651764
GA,36,200,1,7500,3600,900,20,0.99375,0.9915,0.9875,0.0024238399287081,4646.67927107811
GA,37,200,1,7500,3600,900,30,0.99875,0.98875,0.98375,0.0052440442408507,4646.404499149323
GA,38,200,1,7500,3600,900,40,0.99625,0.98725,0.98375,0.0047037219305566,4645.766699409485
GA,39,200,1,7500,3600,900,50,0.99125,0.9875,0.98375,0.0028504385627478,4646.218536376953
GA,40,300,1,7500,3600,60,10,0.8490043178449442,0.838482270244419,0.8227638126834248,0.0098674681087031,50997.41705350876
GA,41,300,1,7500,3600,60,20,0.8328010645375915,0.8216045201664176,0.8102184918731681,0.007397178217568,48778.469313335416
GA,42,300,1,7500,3600,60,30,0.8079809243284943,0.7994087263965839,0.7936986301369863,0.0048029616419861,47229.054024410245
GA,43,300,1,7500,3600,60,40,0.7949675782351283,0.7903568672572104,0.7853685520674872,0.003728559889759,45870.5943344593
GA,44,300,1,7500,3600,60,50,0.7795715378729916,0.7729053068922948,0.7627405696689762,0.0055967877340845,43515.76474552155
GA,45,300,1,7500,3600,300,10,0.9441666666666668,0.9361666666666666,0.9297222222222222,0.0050350622490543,13559.769402599337
GA,46,300,1,7500,3600,300,20,0.9361111111111112,0.9303333333333336,0.925,0.0037900128668467,13546.098722839355
GA,47,300,1,7500,3600,300,30,0.9211111111111112,0.9184444444444444,0.9169444444444445,0.0014444444444444,13539.765163469314
GA,48,300,1,7500,3600,300,40,0.9205555555555556,0.9146111111111112,0.9072222222222224,0.0049178435502957,13541.669676828384
GA,49,300,1,7500,3600,300,50,0.9075,0.9017777777777776,0.8966666666666666,0.0036834632120557,13536.664795970915
GA,50,300,1,7500,3600,600,10,0.9683333333333334,0.96,0.9533333333333334,0.0054772255750516,8346.219299602508
GA,51,300,1,7500,3600,600,20,0.9561111111111112,0.9491111111111112,0.9444444444444444,0.0043546484316145,8332.582391071319
GA,52,300,1,7500,3600,600,30,0.9655555555555556,0.9528888888888888,0.9483333333333334,0.0065395284309164,8336.23759226799
GA,53,300,1,7500,3600,600,40,0.9494444444444444,0.9421111111111112,0.9361111111111112,0.0047842333648024,8336.993940401077
GA,54,300,1,7500,3600,600,50,0.9422222222222222,0.9382222222222222,0.93,0.0044638465392445,8333.42300748825
GA,55,300,1,7500,3600,900,10,0.9691666666666666,0.9643333333333332,0.9591666666666666,0.0038151743807532,6608.260228538513
GA,56,300,1,7500,3600,900,20,0.965,0.9625,0.9591666666666666,0.0021730674684008,6585.944439506531
GA,57,300,1,7500,3600,900,30,0.9658333333333332,0.959,0.9525,0.004515405728048,6583.023001766205
GA,58,300,1,7500,3600,900,40,0.9583333333333334,0.9561666666666668,0.9541666666666668,0.0015456030825826,6586.497424268722
GA,59,300,1,7500,3600,900,50,0.9575,0.952,0.9458333333333332,0.0037859388972002,6596.058126974106
GA,60,400,1,7500,3600,60,10,0.7969268709096082,0.7918324830882448,0.7837000891474687,0.0044623159656419,91356.17584757804
GA,61,400,1,7500,3600,60,20,0.779751595823643,0.7691552028363149,0.7587577274065351,0.0073372707692162,87569.45234065056
GA,62,400,1,7500,3600,60,30,0.7490353371242892,0.7437090571232672,0.7409469355000502,0.0029197075530197,84571.3972243309
GA,63,400,1,7500,3600,60,40,0.7367003011252575,0.7296888090141842,0.7226044983054328,0.0057895153146568,82433.32707867623
GA,64,400,1,7500,3600,60,50,0.7173055859802848,0.710854901945589,0.7064382426084553,0.0039911829766923,79054.26423845292
GA,65,400,1,7500,3600,300,10,0.9058333333333334,0.8998750000000001,0.8952083333333334,0.0036505326856349,22043.076770305637
GA,66,400,1,7500,3600,300,20,0.9035416666666668,0.8984166666666666,0.8939583333333333,0.0031280540631872,22026.456303977968
GA,67,400,1,7500,3600,300,30,0.8889583333333333,0.8845833333333335,0.8822916666666667,0.0024080305461332,22001.263973379137
GA,68,400,1,7500,3600,300,40,0.88625,0.875375,0.864375,0.0081749532788335,21974.636566019057
GA,69,400,1,7500,3600,300,50,0.8810416666666666,0.8724166666666665,0.8645833333333334,0.0057048346942649,21947.98691306114
GA,70,400,1,7500,3600,600,10,0.93375,0.9309166666666666,0.9270833333333334,0.0023333333333333,12533.876109361649
GA,71,400,1,7500,3600,600,20,0.9320833333333334,0.9251666666666668,0.91875,0.0043906466241065,12531.01179075241
GA,72,400,1,7500,3600,600,30,0.92625,0.9219166666666666,0.915,0.0039051248379533,12523.588369178771
GA,73,400,1,7500,3600,600,40,0.9245833333333332,0.91875,0.9145833333333332,0.0035059473279937,12514.865047168732
GA,74,400,1,7500,3600,600,50,0.9170833333333334,0.9048333333333332,0.8979166666666667,0.0067782331358875,12507.612420988084
GA,75,400,1,7500,3600,900,10,0.9475,0.944125,0.939375,0.002755675960631,9433.082231283188
GA,76,400,1,7500,3600,900,20,0.94,0.933625,0.93125,0.0032451887464367,9429.073471832276
GA,77,400,1,7500,3600,900,30,0.936875,0.931625,0.9275,0.0031770662567847,9423.574864912032
GA,78,400,1,7500,3600,900,40,0.9375,0.927,0.92,0.0057336724705898,9420.059337091448
GA,79,400,1,7500,3600,900,50,0.9325,0.92325,0.914375,0.0062424954945918,9417.408942079544
GA,80,500,1,7500,3600,60,10,0.7448441968989914,0.7368218437589441,0.7286500854376305,0.0060549959503003,144933.91637597085
GA,81,500,1,7500,3600,60,20,0.7159957751437624,0.7092063396367474,0.7022662452786557,0.0049865941808213,138649.574785614
GA,82,500,1,7500,3600,60,30,0.6958556958960493,0.6851679329460587,0.67753667111165,0.0064414636316119,133845.80309438705
GA,83,500,1,7500,3600,60,40,0.6727904667328699,0.6665745826514966,0.6624438087454025,0.0038129227286713,131101.3689605236
GA,84,500,1,7500,3600,60,50,0.6460947503201024,0.6444470746700184,0.6421052631578947,0.0013075052594333,125981.24445872309
GA,85,500,1,7500,3600,300,10,0.8903333333333333,0.8803333333333333,0.8751666666666666,0.0052567417031211,33378.53164620399
GA,86,500,1,7500,3600,300,20,0.8743333333333333,0.8695999999999999,0.865,0.003085089589911,33385.984488916394
GA,87,500,1,7500,3600,300,30,0.8643333333333333,0.8617000000000001,0.8585,0.0024115462996914,33376.08039727211
GA,88,500,1,7500,3600,300,40,0.8485,0.8427,0.8346666666666667,0.00542258650871,33343.76915984154
GA,89,500,1,7500,3600,300,50,0.8441666666666666,0.8328666666666666,0.8258333333333333,0.0067366328549374,33294.080406856534
GA,90,500,1,7500,3600,600,10,0.9146666666666666,0.9096666666666668,0.9046666666666666,0.0039553058597843,18197.265736818317
GA,91,500,1,7500,3600,600,20,0.913,0.9029333333333334,0.8946666666666667,0.0067045589796131,18198.998567008974
GA,92,500,1,7500,3600,600,30,0.9086666666666666,0.8990666666666666,0.8913333333333333,0.0061441932839967,18194.991249418257
GA,93,500,1,7500,3600,600,40,0.8983333333333333,0.8928666666666667,0.8783333333333333,0.0073412078933465,18198.81605334282
GA,94,500,1,7500,3600,600,50,0.8823333333333333,0.8783333333333333,0.871,0.0038470768123342,18199.035310983654
GA,95,500,1,7500,3600,900,10,0.931,0.9203,0.9115,0.0068454364360499,13248.8755194664
GA,96,500,1,7500,3600,900,20,0.9275,0.9202,0.9165,0.0041303752856126,13243.038166332244
GA,97,500,1,7500,3600,900,30,0.9115,0.9085,0.9045,0.0028460498941515,13248.274066448212
GA,98,500,1,7500,3600,900,40,0.912,0.9044,0.9,0.0046840153714521,13246.88010406494
GA,99,500,1,7500,3600,900,50,0.9105,0.9037,0.8995,0.0044452221541785,13239.976754522324
DE,100,100,1,7500,3600,60,10,0.8295901829127112,0.8182786194425781,0.8058021216713575,0.0076896820911985,7759.859269618988
DE,101,100,1,7500,3600,60,20,0.8294175232501224,0.8057248223600402,0.7847222222222222,0.0192616523905624,7406.471388339996
DE,102,100,1,7500,3600,60,30,0.8129689174705252,0.8019934927936587,0.782374541003672,0.0115232922003017,7168.214021492005
DE,103,100,1,7500,3600,60,40,0.7847202499289975,0.7722034732548881,0.7514356029532404,0.0122704027380977,7017.189412403107
DE,104,100,1,7500,3600,60,50,0.8084269662921348,0.7763424011170759,0.7491298527443105,0.0195855873787715,6846.425771713257
DE,105,100,1,7500,3600,300,10,0.9733333333333334,0.9545,0.9341666666666668,0.0172127213937185,4365.450094175339
DE,106,100,1,7500,3600,300,20,0.9416666666666668,0.9361666666666666,0.925,0.0062271805640897,4358.058609437942
DE,107,100,1,7500,3600,300,30,0.9441666666666668,0.921,0.9116666666666666,0.0119303534454488,4348.147385454178
DE,108,100,1,7500,3600,300,40,0.905,0.9013333333333332,0.8908333333333334,0.0053124591501697,4346.869641733169
DE,109,100,1,7500,3600,300,50,0.9225,0.9043333333333332,0.8883333333333333,0.0117307762365118,4345.58046374321
DE,110,100,1,7500,3600,600,10,0.9916666666666668,0.9836666666666666,0.9783333333333334,0.0059066817155564,3787.2845755577086
DE,111,100,1,7500,3600,600,20,0.99,0.969,0.9583333333333334,0.0109848380355227,3771.9824595928194
DE,112,100,1,7500,3600,600,30,0.9833333333333332,0.966,0.9566666666666668,0.0092255683353986,3770.667219781876
DE,113,100,1,7500,3600,600,40,0.9566666666666668,0.945,0.9316666666666666,0.0105934990547137,3770.5533252716064
DE,114,100,1,7500,3600,600,50,0.96,0.9486666666666668,0.9433333333333334,0.0060918889608323,3771.471802663803
DE,115,100,1,7500,3600,900,10,0.9975,0.991,0.98,0.0060415229867973,3587.5903462409974
DE,116,100,1,7500,3600,900,20,0.9975,0.9935,0.9875,0.0033911649915626,3592.905378770828
DE,117,100,1,7500,3600,900,30,0.99,0.9835,0.97,0.0071763500472036,3591.615825939178
DE,118,100,1,7500,3600,900,40,1.0,0.9805,0.9625,0.0121860576069539,3594.2709243297577
DE,119,100,1,7500,3600,900,50,0.9975,0.9815000000000002,0.97,0.0093005376188691,3595.500298166275
DE,120,200,1,7500,3600,60,10,0.7305020837467752,0.7130855396456994,0.699688222870361,0.0107153863655958,21126.90288443565
DE,121,200,1,7500,3600,60,20,0.6955632794929463,0.6859316729120462,0.6777777777777778,0.0061018263289169,20040.16893978119
DE,122,200,1,7500,3600,60,30,0.6833271167474823,0.671443983768296,0.6561733006082595,0.0108535485461796,19186.939148426056
DE,123,200,1,7500,3600,60,40,0.6703994458554606,0.6621486584301048,0.6553079947575361,0.005721974750548,18600.325342559816
DE,124,200,1,7500,3600,60,50,0.6673671199011125,0.6464867818921819,0.6330299089726918,0.0123027787673012,17786.614402866362
DE,125,200,1,7500,3600,300,10,0.85625,0.8474166666666667,0.83625,0.0070287109613198,7657.925490474701
DE,126,200,1,7500,3600,300,20,0.8383333333333334,0.8325833333333333,0.82375,0.0055113519212621,7650.946062421799
DE,127,200,1,7500,3600,300,30,0.82875,0.8189166666666665,0.8004166666666667,0.0104436317650731,7643.320139551162
DE,128,200,1,7500,3600,300,40,0.8083333333333333,0.7980833333333333,0.7929166666666667,0.0055189068965994,7624.205309343338
DE,129,200,1,7500,3600,300,50,0.8033333333333333,0.7933333333333332,0.7804166666666666,0.0082957485764965,7620.081585311889
DE,130,200,1,7500,3600,600,10,0.9125,0.908,0.9033333333333332,0.0031001792062897,5418.393502759934
DE,131,200,1,7500,3600,600,20,0.9041666666666668,0.893,0.885,0.0069241926926136,5414.396355819702
DE,132,200,1,7500,3600,600,30,0.895,0.8788333333333334,0.8725,0.0083266639978645,5414.542301464081
DE,133,200,1,7500,3600,600,40,0.8708333333333333,0.8606666666666666,0.8508333333333333,0.0069602043392737,5413.792209720612
DE,134,200,1,7500,3600,600,50,0.8683333333333333,0.8563333333333333,0.8491666666666666,0.0064247784224654,5418.569018173218
DE,135,200,1,7500,3600,900,10,0.9425,0.92925,0.91625,0.0090346554997963,4691.49505982399
DE,136,200,1,7500,3600,900,20,0.9325,0.91825,0.90125,0.0118215904175368,4687.869613790512
DE,137,200,1,7500,3600,900,30,0.92125,0.90975,0.9,0.0090277350426339,4688.133965206146
DE,138,200,1,7500,3600,900,40,0.91375,0.90275,0.89625,0.006294839156007,4686.398800945282
DE,139,200,1,7500,3600,900,50,0.895,0.8805,0.87125,0.0089652105385205,4683.524221706391
DE,140,300,1,7500,3600,60,10,0.6454157506789086,0.6405658884744818,0.6339847631666115,0.0042512243962686,45342.83010439873
DE,141,300,1,7500,3600,60,20,0.6310321257689678,0.620883795155657,0.6130114017437961,0.0062118197306062,42910.591891098025
DE,142,300,1,7500,3600,60,30,0.6075958756768786,0.6035621245499584,0.5999732691793638,0.0025281268659192,40721.94913477897
DE,143,300,1,7500,3600,60,40,0.599527027027027,0.591726343735839,0.5774278215223098,0.0076586483701217,39565.517088079454
DE,144,300,1,7500,3600,60,50,0.5831845238095238,0.577721268781284,0.5702823179791976,0.0051055032328264,37869.72003321648
DE,145,300,1,7500,3600,300,10,0.7952777777777778,0.7840555555555555,0.7758333333333334,0.0075881649239839,13368.45081629753
DE,146,300,1,7500,3600,300,20,0.7669444444444444,0.7626666666666667,0.7561111111111111,0.0042622372841814,13351.710927867887
DE,147,300,1,7500,3600,300,30,0.7686111111111111,0.7555555555555555,0.7411111111111112,0.0110568117655928,13357.256863117218
DE,148,300,1,7500,3600,300,40,0.7436111111111111,0.7366666666666666,0.7327777777777778,0.0036683497820487,13354.819996452332
DE,149,300,1,7500,3600,300,50,0.7333333333333333,0.7231111111111111,0.7083333333333334,0.009446731749168,13353.729626512528
DE,150,300,1,7500,3600,600,10,0.8683333333333333,0.8584444444444443,0.8472222222222222,0.0076610285226391,8336.71401090622
DE,151,300,1,7500,3600,600,20,0.845,0.8328888888888889,0.8211111111111111,0.0099281368460838,8327.672555923462
DE,152,300,1,7500,3600,600,30,0.83,0.8224444444444444,0.8133333333333334,0.0061121211286555,8317.06975774765
DE,153,300,1,7500,3600,600,40,0.8105555555555556,0.8047777777777778,0.7938888888888889,0.0057154760664941,8314.98588166237
DE,154,300,1,7500,3600,600,50,0.805,0.7885555555555557,0.7761111111111111,0.0108673255878389,8307.313008022309
DE,155,300,1,7500,3600,900,10,0.9133333333333332,0.9045,0.8941666666666667,0.0066374359172466,6623.100749206543
DE,156,300,1,7500,3600,900,20,0.8991666666666667,0.8898333333333334,0.8825,0.0065489609014628,6638.774229907989
DE,157,300,1,7500,3600,900,30,0.8733333333333333,0.8598333333333332,0.85,0.009315459074988,6629.628664684296
DE,158,300,1,7500,3600,900,40,0.8641666666666666,0.8556666666666667,0.8508333333333333,0.0046067583203617,6632.994048023224
DE,159,300,1,7500,3600,900,50,0.845,0.8370000000000001,0.8258333333333333,0.0072762933176476,6632.422560405731
DE,160,400,1,7500,3600,60,10,0.6252970814716228,0.6215984889780668,0.6149870801033591,0.0037827577938388,81979.48582930565
DE,161,400,1,7500,3600,60,20,0.6080969807868253,0.5998106822072516,0.5952477454655993,0.004587699110697,77448.71891365052
DE,162,400,1,7500,3600,60,30,0.5919969728502507,0.5785159135362479,0.5694471865745311,0.0074030062602428,73807.35085191726
DE,163,400,1,7500,3600,60,40,0.5671449879133879,0.558911047273827,0.5536871418625824,0.0049344135072154,71093.58888101578
DE,164,400,1,7500,3600,60,50,0.5555258228525555,0.5417627092976105,0.5332087560064068,0.0088597090771292,68115.93358855248
DE,165,400,1,7500,3600,300,10,0.764375,0.7591666666666665,0.7491666666666666,0.0054118568388718,21749.298100662232
DE,166,400,1,7500,3600,300,20,0.7533333333333333,0.7467916666666666,0.7404166666666666,0.0046911559816791,21718.66308050156
DE,167,400,1,7500,3600,300,30,0.7327083333333333,0.7305833333333333,0.7270833333333333,0.0022569337606584,21701.93252038956
DE,168,400,1,7500,3600,300,40,0.7247916666666666,0.7133333333333333,0.7077083333333334,0.005904329861306,21691.60744628906
DE,169,400,1,7500,3600,300,50,0.70375,0.6987916666666667,0.6952083333333333,0.0027807622855772,21709.969720363617
DE,170,400,1,7500,3600,600,10,0.8358333333333333,0.8235833333333333,0.8104166666666667,0.0085659208495059,12484.975675868987
DE,171,400,1,7500,3600,600,20,0.81,0.8010833333333334,0.79375,0.0051948157918362,12479.105682134628
DE,172,400,1,7500,3600,600,30,0.7845833333333333,0.7790833333333333,0.7741666666666667,0.004293082290797,12469.772104358672
DE,173,400,1,7500,3600,600,40,0.7808333333333334,0.7724166666666668,0.765,0.0055176484524156,12458.9632461071
DE,174,400,1,7500,3600,600,50,0.7620833333333333,0.7555,0.7479166666666667,0.0052334394893691,12450.14374036789
DE,175,400,1,7500,3600,900,10,0.866875,0.8603750000000001,0.851875,0.0050713656937751,9439.313475656509
DE,176,400,1,7500,3600,900,20,0.845,0.837,0.8275,0.0075145691825945,9437.429230165482
DE,177,400,1,7500,3600,900,30,0.838125,0.82575,0.814375,0.0081624138586572,9432.245749664307
DE,178,400,1,7500,3600,900,40,0.8175,0.8083750000000002,0.8,0.0058843011479698,9426.728448057174
DE,179,400,1,7500,3600,900,50,0.799375,0.790375,0.784375,0.0058710092829086,9429.360553216937
DE,180,500,1,7500,3600,60,10,0.5988411724608044,0.5896365635162051,0.5781238707812387,0.0076415519772259,130944.26353054048
DE,181,500,1,7500,3600,60,20,0.5721623196852689,0.5650941626884812,0.5587123338948157,0.0043038277957866,124022.8197543621
DE,182,500,1,7500,3600,60,30,0.5433997866929199,0.5391655836828054,0.5327392791789323,0.0042006933139988,118577.63138370514
DE,183,500,1,7500,3600,60,40,0.5343401793687153,0.5161293298957419,0.5021655735676278,0.0108150645970075,113787.96768360138
DE,184,500,1,7500,3600,60,50,0.5097842667247766,0.5023953759732553,0.4955988613969783,0.0058317952303731,108627.7723239422
DE,185,500,1,7500,3600,300,10,0.7461666666666666,0.7431666666666666,0.7385,0.002802776401277,33048.87064828873
DE,186,500,1,7500,3600,300,20,0.72,0.7148999999999999,0.7103333333333334,0.0037321426672742,33002.546965694426
DE,187,500,1,7500,3600,300,30,0.7105,0.7072666666666667,0.703,0.002825675927003,33007.93736515045
DE,188,500,1,7500,3600,300,40,0.6971666666666667,0.6924666666666666,0.6838333333333333,0.0046384863431464,32999.10012702942
DE,189,500,1,7500,3600,300,50,0.6991666666666667,0.6876333333333333,0.6711666666666667,0.0094135835660791,32957.317820262906
DE,190,500,1,7500,3600,600,10,0.8033333333333333,0.7974666666666667,0.7896666666666666,0.0047823750491896,18067.77850894928
DE,191,500,1,7500,3600,600,20,0.7813333333333333,0.7764,0.7696666666666667,0.0043532873912838,18067.884559106828
DE,192,500,1,7500,3600,600,30,0.7743333333333333,0.7656,0.7603333333333333,0.005021730556071,18060.282552337645
DE,193,500,1,7500,3600,600,40,0.762,0.7528666666666666,0.738,0.0083735031829907,18053.92313380241
DE,194,500,1,7500,3600,600,50,0.739,0.7358666666666667,0.731,0.0027047283700134,18047.24609622955
DE,195,500,1,7500,3600,900,10,0.8465,0.8372999999999999,0.828,0.0063213922517116,13193.409993886948
DE,196,500,1,7500,3600,900,20,0.822,0.8174999999999999,0.8135,0.0036193922141707,13174.5490357399
DE,197,500,1,7500,3600,900,30,0.794,0.7922,0.789,0.0017204650534085,13162.67509856224
DE,198,500,1,7500,3600,900,40,0.7915,0.782,0.7705,0.0080870266476623,13154.673353528977
DE,199,500,1,7500,3600,900,50,0.768,0.7638,0.756,0.0041545156155681,13144.13991522789
SHADE,200,100,1,7500,3600,60,10,0.9135630352519418,0.9004557162843485,0.8935269207501513,0.0070481386405936,8389.308401203156
SHADE,201,100,1,7500,3600,60,20,0.9312551610239472,0.9060646203228464,0.8832434674408959,0.0207557520412672,8211.188909769058
SHADE,202,100,1,7500,3600,60,30,0.9313247673903412,0.91551814921773,0.893803271135683,0.0129218649188332,7949.386659479142
SHADE,203,100,1,7500,3600,60,40,0.9006211180124224,0.8887408300721198,0.8742610277398818,0.0103343693086708,7921.017696285247
SHADE,204,100,1,7500,3600,60,50,0.9103211009174312,0.8873593987561714,0.8677532013969732,0.0139131706350985,7664.867557954788
SHADE,205,100,1,7500,3600,300,10,0.9866666666666668,0.977,0.9683333333333334,0.006293735862833,4390.433374357223
SHADE,206,100,1,7500,3600,300,20,0.9708333333333332,0.9653333333333332,0.9583333333333334,0.0042360883423796,4386.961278533936
SHADE,207,100,1,7500,3600,300,30,0.9716666666666668,0.9526666666666668,0.935,0.0125543263901776,4385.599021625519
SHADE,208,100,1,7500,3600,300,40,0.9625,0.951,0.9341666666666668,0.0093749074069501,4366.536228990555
SHADE,209,100,1,7500,3600,300,50,0.9491666666666668,0.9441666666666666,0.9383333333333334,0.0038005847503304,4356.877749967575
SHADE,210,100,1,7500,3600,600,10,0.9966666666666668,0.9886666666666668,0.9816666666666668,0.0048762462794426,3789.303998756409
SHADE,211,100,1,7500,3600,600,20,0.9816666666666668,0.9716666666666668,0.9666666666666668,0.0052704627669473,3788.112319231033
SHADE,212,100,1,7500,3600,600,30,0.985,0.9763333333333334,0.9716666666666668,0.0046427960923946,3789.456779384613
SHADE,213,100,1,7500,3600,600,40,0.9783333333333334,0.972,0.9666666666666668,0.00385861230093,3787.7071725845335
SHADE,214,100,1,7500,3600,600,50,0.9783333333333334,0.9673333333333334,0.9533333333333334,0.0097524925588852,3788.597790908813
SHADE,215,100,1,7500,3600,900,10,0.9975,0.993,0.985,0.0043011626335213,3604.3293541908265
SHADE,216,100,1,7500,3600,900,20,0.995,0.9935,0.9925,0.0012247448713915,3605.3151995658873
SHADE,217,100,1,7500,3600,900,30,0.9925,0.9895,0.985,0.0029154759474226,3605.475738620758
SHADE,218,100,1,7500,3600,900,40,0.9875,0.9845,0.9775,0.0036742346141747,3615.538915586472
SHADE,219,100,1,7500,3600,900,50,0.99,0.9815,0.9775,0.0043588989435406,3624.9956399440766
SHADE,220,200,1,7500,3600,60,10,0.8200524119188586,0.8013144333271656,0.7803956655731186,0.0154486890873134,23758.29444885254
SHADE,221,200,1,7500,3600,60,20,0.7947104512830597,0.7776082136278679,0.7629377431906614,0.010924609918044,22835.048457098008
SHADE,222,200,1,7500,3600,60,30,0.806146572104019,0.776669891089429,0.7456521739130435,0.0194813361128963,22248.31838335991
SHADE,223,200,1,7500,3600,60,40,0.7828140816556068,0.7583334588165835,0.7432056494757115,0.0146591716965389,21881.511717557907
SHADE,224,200,1,7500,3600,60,50,0.7493464052287582,0.7309443533231084,0.7168469860896445,0.011992988281177,21014.170075178143
SHADE,225,200,1,7500,3600,300,10,0.8983333333333333,0.8881666666666668,0.8825,0.0054556291011109,7685.922234678268
SHADE,226,200,1,7500,3600,300,20,0.9,0.87375,0.86375,0.0134500103263074,7684.499240398407
SHADE,227,200,1,7500,3600,300,30,0.8741666666666666,0.8616666666666666,0.8445833333333334,0.0110554159678513,7678.84484257698
SHADE,228,200,1,7500,3600,300,40,0.8670833333333333,0.8513333333333334,0.8391666666666666,0.0099631264615525,7664.158874082565
SHADE,229,200,1,7500,3600,300,50,0.88375,0.8568333333333333,0.8445833333333334,0.0145645116636295,7664.562536287308
SHADE,230,200,1,7500,3600,600,10,0.93,0.9213333333333332,0.9116666666666666,0.0063813965730255,5442.519958972931
SHADE,231,200,1,7500,3600,600,20,0.92,0.9076666666666666,0.8966666666666666,0.0082225975890293,5441.521012544632
SHADE,232,200,1,7500,3600,600,30,0.905,0.8981666666666668,0.89,0.0048131763593978,5439.62058725357
SHADE,233,200,1,7500,3600,600,40,0.8966666666666666,0.8858333333333333,0.88,0.0058214163988576,5439.709125518799
SHADE,234,200,1,7500,3600,600,50,0.8991666666666667,0.8841666666666667,0.8683333333333333,0.0111180533867719,5445.1140360355375
SHADE,235,200,1,7500,3600,900,10,0.945,0.9345,0.92375,0.0078501592340537,4710.271996355057
SHADE,236,200,1,7500,3600,900,20,0.93375,0.926,0.92,0.0052081666639998,4712.759000968933
SHADE,237,200,1,7500,3600,900,30,0.93125,0.91525,0.905,0.0094007978384815,4715.147720479965
SHADE,238,200,1,7500,3600,900,40,0.915,0.9075,0.9,0.005,4715.6713445186615
SHADE,239,200,1,7500,3600,900,50,0.9225,0.905,0.885,0.0120675183861471,4721.03686413765
SHADE,240,300,1,7500,3600,60,10,0.7411595651630638,0.729048026971981,0.7193406457210139,0.0088753120513928,51395.8624979496
SHADE,241,300,1,7500,3600,60,20,0.7410609803666623,0.7165620273411137,0.7001367053998633,0.016273583724757,49340.697003507616
SHADE,242,300,1,7500,3600,60,30,0.6951882560826423,0.6864432233270303,0.6740889377953265,0.0072280295869287,48102.55974082947
SHADE,243,300,1,7500,3600,60,40,0.6929519918283963,0.678568698943802,0.6661252115059222,0.0101506650500973,47065.11410212517
SHADE,244,300,1,7500,3600,60,50,0.6666899685424676,0.6571047949990371,0.6469451156368657,0.0065577941126098,45588.07932863235
SHADE,245,300,1,7500,3600,300,10,0.8363888888888888,0.8225,0.8161111111111111,0.0072286296363662,13401.338182210922
SHADE,246,300,1,7500,3600,300,20,0.815,0.8071666666666667,0.7877777777777778,0.0099075977828715,13387.563969945908
SHADE,247,300,1,7500,3600,300,30,0.8208333333333333,0.8106666666666668,0.805,0.0054563362193207,13392.184106254575
SHADE,248,300,1,7500,3600,300,40,0.8355555555555556,0.8149444444444442,0.8,0.014030830250946,13385.529192304612
SHADE,249,300,1,7500,3600,300,50,0.8086111111111111,0.7966666666666666,0.7883333333333333,0.0074763000025677,13387.807426786423
SHADE,250,300,1,7500,3600,600,10,0.8677777777777778,0.866,0.8627777777777778,0.0020306296536107,8358.287629795075
SHADE,251,300,1,7500,3600,600,20,0.8677777777777778,0.8540000000000001,0.8466666666666667,0.0073652504085228,8351.155158185958
SHADE,252,300,1,7500,3600,600,30,0.8494444444444444,0.8447777777777776,0.8355555555555556,0.0055511093319096,8343.541731309891
SHADE,253,300,1,7500,3600,600,40,0.8577777777777778,0.842,0.8244444444444444,0.0118561334858615,8345.497930335998
SHADE,254,300,1,7500,3600,600,50,0.8355555555555556,0.8226666666666667,0.8122222222222222,0.0087376014450389,8345.142160844804
SHADE,255,300,1,7500,3600,900,10,0.9141666666666668,0.9078333333333332,0.9008333333333334,0.0051261854997432,6644.980975723267
SHADE,256,300,1,7500,3600,900,20,0.9033333333333332,0.893,0.8808333333333334,0.008844332774281,6659.345806121826
SHADE,257,300,1,7500,3600,900,30,0.8883333333333333,0.8756666666666666,0.8708333333333333,0.0066957698088668,6653.550734519959
SHADE,258,300,1,7500,3600,900,40,0.8675,0.8649999999999999,0.8616666666666667,0.0021730674684008,6661.176804304123
SHADE,259,300,1,7500,3600,900,50,0.8616666666666667,0.8554999999999999,0.8483333333333334,0.0046127841676993,6657.45889635086
SHADE,260,400,1,7500,3600,60,10,0.7133911149430503,0.7012842411280874,0.6928674742361237,0.0072592716806927,92928.69070324898
SHADE,261,400,1,7500,3600,60,20,0.6862365888474466,0.6751494016804134,0.6629422718808193,0.0087908429922359,90262.19724459648
SHADE,262,400,1,7500,3600,60,30,0.6688732327769634,0.6611450610389276,0.6522439933511308,0.0055096436329671,88085.68676166535
SHADE,263,400,1,7500,3600,60,40,0.6612832611762417,0.6466464780933945,0.6359807759005103,0.0086352480641649,86607.8036767006
SHADE,264,400,1,7500,3600,60,50,0.6405128205128205,0.6189959197988346,0.6061160606790272,0.0114880370978945,83889.85814704894
SHADE,265,400,1,7500,3600,300,10,0.81625,0.804625,0.7985416666666667,0.0062893207547044,21796.448170375825
SHADE,266,400,1,7500,3600,300,20,0.815625,0.80375,0.795625,0.0075530530986556,21792.952908468247
SHADE,267,400,1,7500,3600,300,30,0.8004166666666667,0.7933333333333332,0.7785416666666667,0.0076023114175156,21769.40266337395
SHADE,268,400,1,7500,3600,300,40,0.8041666666666667,0.787875,0.7708333333333334,0.0110682855241651,21753.290858983997
SHADE,269,400,1,7500,3600,300,50,0.8010416666666667,0.7877916666666667,0.7714583333333334,0.0107356169930853,21738.268673801424
SHADE,270,400,1,7500,3600,600,10,0.8404166666666667,0.8365833333333335,0.82875,0.0042687494916219,12521.6194378376
SHADE,271,400,1,7500,3600,600,20,0.8483333333333334,0.82875,0.81625,0.0114230517424684,12516.234209680557
SHADE,272,400,1,7500,3600,600,30,0.81875,0.8159166666666666,0.8129166666666666,0.0022267315359812,12510.873683691025
SHADE,273,400,1,7500,3600,600,40,0.8204166666666667,0.8134166666666667,0.8029166666666666,0.0061089642693704,12507.898744869231
SHADE,274,400,1,7500,3600,600,50,0.8233333333333334,0.806,0.79875,0.0088372632767289,12500.61210436821
SHADE,275,400,1,7500,3600,900,10,0.865625,0.8634999999999999,0.859375,0.0022220486043288,9475.701935577392
SHADE,276,400,1,7500,3600,900,20,0.856875,0.8532500000000001,0.84625,0.0039011216335818,9474.064390468597
SHADE,277,400,1,7500,3600,900,30,0.845625,0.8386249999999998,0.831875,0.0051599418601375,9472.095972919464
SHADE,278,400,1,7500,3600,900,40,0.841875,0.8346250000000002,0.8275,0.004619929653144,9470.225682640075
SHADE,279,400,1,7500,3600,900,50,0.834375,0.8243750000000001,0.819375,0.0054054370776099,9466.713065099715
SHADE,280,500,1,7500,3600,60,10,0.6763854803853339,0.6671138588953363,0.6580030246544508,0.0077962694183649,132831.21430931092
SHADE,281,500,1,7500,3600,60,20,0.6458044761974192,0.6380587291031815,0.6312642999483357,0.0057585770071803,130668.6199713707
SHADE,282,500,1,7500,3600,60,30,0.6238477988348942,0.6133339878129771,0.6072207136573986,0.0066838656624149,128991.83836112024
SHADE,283,500,1,7500,3600,60,40,0.5943303624013506,0.5876191309309189,0.5823105102156426,0.0044250417404133,128080.12452583312
SHADE,284,500,1,7500,3600,60,50,0.5614561027837259,0.5585775458306768,0.5552527646129541,0.0025151472457421,125644.92414226531
SHADE,285,500,1,7500,3600,300,10,0.7928333333333333,0.7796333333333333,0.7715,0.0076029234143482,33100.37308254242
SHADE,286,500,1,7500,3600,300,20,0.7801666666666667,0.7735333333333333,0.7693333333333333,0.0039460247225671,33117.8775247097
SHADE,287,500,1,7500,3600,300,30,0.7818333333333334,0.7721,0.7605,0.0076052613367326,33106.65338401795
SHADE,288,500,1,7500,3600,300,40,0.8,0.7645666666666667,0.7483333333333333,0.0181250593868759,33095.605170536044
SHADE,289,500,1,7500,3600,300,50,0.7625,0.7525000000000001,0.7421666666666666,0.0071336448530109,33073.895005846025
SHADE,290,500,1,7500,3600,600,10,0.835,0.8228666666666665,0.8133333333333334,0.0070572263988371,18051.44671020508
SHADE,291,500,1,7500,3600,600,20,0.819,0.813,0.8083333333333333,0.0039044134571589,18059.82371301651
SHADE,292,500,1,7500,3600,600,30,0.8096666666666666,0.8034666666666668,0.7993333333333333,0.0035061850112812,18060.36607761383
SHADE,293,500,1,7500,3600,600,40,0.8183333333333334,0.8006666666666667,0.7933333333333333,0.0092568293107785,18062.95724668503
SHADE,294,500,1,7500,3600,600,50,0.8013333333333333,0.7901333333333334,0.778,0.0077991452523123,18055.825215816498
SHADE,295,500,1,7500,3600,900,10,0.861,0.8523,0.845,0.0069685005560737,13200.22321205139
SHADE,296,500,1,7500,3600,900,20,0.84,0.8336,0.829,0.0036110940170535,13187.228973293304
SHADE,297,500,1,7500,3600,900,30,0.82,0.8164999999999999,0.8095,0.0039115214431215,13182.735707187652
SHADE,298,500,1,7500,3600,900,40,0.83,0.8125,0.804,0.0092682252885867,13174.117795562745
SHADE,299,500,1,7500,3600,900,50,0.8035,0.7975,0.791,0.0042071367935925,13167.069991350174
CS,400,100,1,7500,3600,60,10,0.7686537702329254,0.743884325660088,0.7304347826086957,0.0141343870299556,11159.917720651629
CS,401,100,1,7500,3600,60,20,0.7849794238683128,0.7336430969421199,0.7079545454545455,0.0268336461167234,10766.429184532166
CS,402,100,1,7500,3600,60,30,0.7105763141228626,0.7058642278016173,0.7013873596124202,0.0029798264675888,10500.475084543228
CS,403,100,1,7500,3600,60,40,0.7270557604686483,0.7069107695934743,0.690888638920135,0.0122455683145545,10307.859731388093
CS,404,100,1,7500,3600,60,50,0.7098280098280099,0.6936871002244914,0.6841142857142857,0.0088150659772273,10041.497537612917
CS,405,100,1,7500,3600,300,10,0.8475,0.8321666666666665,0.8083333333333333,0.0160952028740104,5780.911136054992
CS,406,100,1,7500,3600,300,20,0.8358333333333333,0.8140000000000001,0.7983333333333333,0.0146761333085008,5691.551172685623
CS,407,100,1,7500,3600,300,30,0.82,0.8055,0.79,0.0119443152447792,5674.109279823303
CS,408,100,1,7500,3600,300,40,0.8108333333333333,0.8016666666666665,0.7941666666666667,0.0053748384988656,5665.068316841125
CS,409,100,1,7500,3600,300,50,0.8316666666666667,0.8025,0.7891666666666667,0.0154110350074224,5661.4855370521545
CS,410,100,1,7500,3600,600,10,0.93,0.8383333333333333,0.81,0.0459710053548248,4926.017208194733
CS,411,100,1,7500,3600,600,20,0.8866666666666667,0.866,0.8333333333333334,0.020237478982214,4924.468166255951
CS,412,100,1,7500,3600,600,30,0.8466666666666667,0.819,0.8066666666666666,0.0157621205567158,4902.50431303978
CS,413,100,1,7500,3600,600,40,0.8683333333333333,0.8306666666666667,0.8183333333333334,0.0191949067318506,4889.266905736923
CS,414,100,1,7500,3600,600,50,0.8633333333333333,0.8316666666666667,0.8083333333333333,0.0205480466765632,4854.715690088272
CS,415,100,1,7500,3600,900,10,0.8375,0.8240000000000001,0.8175,0.0071763500472036,4606.6802718162535
CS,416,100,1,7500,3600,900,20,0.9575,0.8755000000000001,0.81,0.0567318252835214,4603.154120445252
CS,417,100,1,7500,3600,900,30,0.925,0.8450000000000001,0.8075,0.0412007281489053,4603.747733449936
CS,418,100,1,7500,3600,900,40,0.8575,0.8324999999999999,0.8175,0.0133229125944742,4602.474126386643
CS,419,100,1,7500,3600,900,50,0.8575,0.8390000000000001,0.82,0.0139283882771841,4603.754913902283
CS,420,200,1,7500,3600,60,10,0.6896854854463762,0.6805347337383242,0.670816827013771,0.0067195571982927,30419.89996829033
CS,421,200,1,7500,3600,60,20,0.6667004973104638,0.654608790318133,0.6440798136331409,0.0082445985778046,29241.323758363724
CS,422,200,1,7500,3600,60,30,0.6632244467860906,0.6489096266154604,0.6336,0.0114737594452979,28345.023496198653
CS,423,200,1,7500,3600,60,40,0.6422736555479919,0.631304552734361,0.6215500560138507,0.0071577191003843,27683.94429154396
CS,424,200,1,7500,3600,60,50,0.6306569343065693,0.6144885565343827,0.6066534260178749,0.0084419864566028,26712.018615055084
CS,425,200,1,7500,3600,300,10,0.79,0.7785833333333333,0.7691666666666667,0.0067474274933323,9800.313110685349
CS,426,200,1,7500,3600,300,20,0.7745833333333333,0.7673333333333332,0.7575,0.0057106138996706,9801.108208560943
CS,427,200,1,7500,3600,300,30,0.7625,0.7551666666666668,0.7483333333333333,0.0055063095122272,9796.50154504776
CS,428,200,1,7500,3600,300,40,0.7629166666666667,0.7500833333333334,0.7375,0.0097089592072934,9787.01171875
CS,429,200,1,7500,3600,300,50,0.7558333333333334,0.7445833333333333,0.7366666666666667,0.0074349026743984,9787.869643068314
CS,430,200,1,7500,3600,600,10,0.8375,0.8036666666666668,0.7891666666666667,0.0189414301935671,6923.222420787812
CS,431,200,1,7500,3600,600,20,0.8166666666666667,0.7949999999999999,0.7858333333333334,0.0113406838908026,6922.886924648285
CS,432,200,1,7500,3600,600,30,0.8016666666666666,0.7803333333333333,0.7633333333333333,0.0126556970043797,6920.839612579346
CS,433,200,1,7500,3600,600,40,0.7983333333333333,0.78,0.7633333333333333,0.0119373363863133,6924.232522010803
CS,434,200,1,7500,3600,600,50,0.7775,0.7671666666666667,0.7616666666666667,0.0056911236929879,6925.518449497223
CS,435,200,1,7500,3600,900,10,0.8475,0.8092500000000001,0.78,0.0244770300485986,5992.368213558197
CS,436,200,1,7500,3600,900,20,0.84875,0.82225,0.8025,0.0164582805906327,5994.11002163887
CS,437,200,1,7500,3600,900,30,0.815,0.7927500000000001,0.7775,0.0122065556157336,5992.823281812668
CS,438,200,1,7500,3600,900,40,0.81875,0.8032499999999999,0.78125,0.0130527774822066,5992.812269878387
CS,439,200,1,7500,3600,900,50,0.80375,0.7927500000000001,0.7775,0.0092668764964253,5999.96801776886
CS,440,300,1,7500,3600,60,10,0.6294833407657514,0.6241343887833875,0.6214336317382624,0.0028557593139352,53763.62906475067
CS,441,300,1,7500,3600,60,20,0.6166191597471806,0.6056891676673067,0.5996656636576396,0.0057360815803014,52120.962566947936
CS,442,300,1,7500,3600,60,30,0.5954937138013844,0.5863062147727194,0.5708974358974359,0.0083543127955251,51024.18474364281
CS,443,300,1,7500,3600,60,40,0.5769444059337308,0.5716720882802182,0.5640541815486219,0.0046768329538381,50067.777442407605
CS,444,300,1,7500,3600,60,50,0.5550545966889749,0.552579268980926,0.5456725365305358,0.0034750172243252,48586.73441987038
CS,445,300,1,7500,3600,300,10,0.7436111111111111,0.7344999999999999,0.7277777777777777,0.005514850881657,17174.002522993087
CS,446,300,1,7500,3600,300,20,0.7427777777777778,0.7356111111111112,0.7322222222222222,0.003744955454745,17169.467757749557
CS,447,300,1,7500,3600,300,30,0.7333333333333333,0.7212222222222222,0.7113888888888888,0.0079458040794582,17160.723238611223
CS,448,300,1,7500,3600,300,40,0.7161111111111111,0.7104444444444444,0.7013888888888888,0.0049115635789556,17157.74272942543
CS,449,300,1,7500,3600,300,50,0.7136111111111111,0.7012222222222222,0.6938888888888889,0.0074527317056595,17162.970705270767
CS,450,300,1,7500,3600,600,10,0.8055555555555556,0.7755555555555557,0.7572222222222222,0.0164916739187377,10683.606352281571
CS,451,300,1,7500,3600,600,20,0.7688888888888888,0.7586666666666666,0.7533333333333333,0.005506449641495,10673.801445961
CS,452,300,1,7500,3600,600,30,0.7661111111111111,0.7527777777777777,0.7461111111111111,0.0075113083471802,10674.14425983429
CS,453,300,1,7500,3600,600,40,0.7527777777777778,0.7428888888888888,0.7333333333333333,0.0068709443705512,10677.635766887664
CS,454,300,1,7500,3600,600,50,0.7433333333333333,0.7376666666666666,0.7327777777777778,0.0038070759331137,10683.2000998497
CS,455,300,1,7500,3600,900,10,0.8525,0.7961666666666667,0.7616666666666667,0.0315374556854403,8509.284216547012
CS,456,300,1,7500,3600,900,20,0.8233333333333334,0.7901666666666667,0.7633333333333333,0.0272049832036542,8517.806367397308
CS,457,300,1,7500,3600,900,30,0.7816666666666666,0.7676666666666667,0.7591666666666667,0.0084557672626438,8519.38632593155
CS,458,300,1,7500,3600,900,40,0.7791666666666667,0.7696666666666666,0.76,0.0080381037011916,8517.188261795043
CS,459,300,1,7500,3600,900,50,0.7741666666666667,0.7551666666666667,0.7416666666666667,0.010690078473883,8522.910254955292
CS,460,400,1,7500,3600,60,10,0.6154505212051977,0.6042024435262068,0.5980341193705402,0.0060480830073277,77859.20614471435
CS,461,400,1,7500,3600,60,20,0.5873451197414173,0.5821378162371985,0.5773904623577826,0.004057386838908,75718.09134435654
CS,462,400,1,7500,3600,60,30,0.5772444716192805,0.5668613226392443,0.5623176536827558,0.0053377574446067,73934.81429371834
CS,463,400,1,7500,3600,60,40,0.5563046558209976,0.5489510344361223,0.540773855403114,0.0051994699619337,72661.55822663307
CS,464,400,1,7500,3600,60,50,0.5317496807151979,0.5291961977350516,0.5214187517184493,0.003913961672399,70425.31061296463
CS,465,400,1,7500,3600,300,10,0.7345833333333334,0.7302083333333333,0.7260416666666667,0.0034786052441236,27411.942650699617
CS,466,400,1,7500,3600,300,20,0.7160416666666667,0.7139583333333335,0.7120833333333333,0.0017529736639969,27400.49040336609
CS,467,400,1,7500,3600,300,30,0.71375,0.70825,0.7035416666666666,0.0032718284049001,27386.00149264336
CS,468,400,1,7500,3600,300,40,0.70125,0.6997916666666667,0.6983333333333334,0.0009501461875826,27313.91690635681
CS,469,400,1,7500,3600,300,50,0.69625,0.6929166666666667,0.69,0.0024579802006254,27282.87563624382
CS,470,400,1,7500,3600,600,10,0.76,0.7560833333333333,0.7491666666666666,0.0036761241666854,16052.180784511564
CS,471,400,1,7500,3600,600,20,0.75625,0.747,0.7366666666666667,0.0072858309981314,16044.815431547166
CS,472,400,1,7500,3600,600,30,0.7520833333333333,0.7423333333333333,0.735,0.0066175272320306,16030.734775733948
CS,473,400,1,7500,3600,600,40,0.7354166666666667,0.7296666666666667,0.7233333333333334,0.0040259574430603,15891.108577203751
CS,474,400,1,7500,3600,600,50,0.7333333333333333,0.729,0.725,0.0030345235760055,15773.799947500229
CS,475,400,1,7500,3600,900,10,0.7875,0.776375,0.75625,0.0105726652268952,12074.463892173768
CS,476,400,1,7500,3600,900,20,0.784375,0.766125,0.7525,0.0104388097980565,12078.998996973038
CS,477,400,1,7500,3600,900,30,0.7725,0.761125,0.749375,0.0087535707000057,12073.52054476738
CS,478,400,1,7500,3600,900,40,0.77125,0.75875,0.74875,0.0085421747816349,12071.76608595848
CS,479,400,1,7500,3600,900,50,0.749375,0.7442500000000001,0.73875,0.0047664189912344,11984.50612397194
CS,480,500,1,7500,3600,60,10,0.5841179932323084,0.5772430973283799,0.5708553249945774,0.0046372965665159,98961.3262454033
CS,481,500,1,7500,3600,60,20,0.5612822124450031,0.5512354711563637,0.5463234710874911,0.0055236448202765,96110.32123203276
CS,482,500,1,7500,3600,60,30,0.5301021700582622,0.5284174223367313,0.5243799831724028,0.0021217584107007,93945.4444990158
CS,483,500,1,7500,3600,60,40,0.513723373333887,0.5087202702779292,0.5008095605242868,0.0045329705794991,92166.84679088592
CS,484,500,1,7500,3600,60,50,0.4889426247526929,0.4880497800259192,0.4859311150029188,0.0010868970539024,88892.0938229084
CS,485,500,1,7500,3600,300,10,0.7133333333333334,0.7107666666666667,0.7093333333333334,0.0014817407180595,33751.63624062538
CS,486,500,1,7500,3600,300,20,0.7058333333333333,0.703,0.6963333333333334,0.0035496478698597,33394.18803863526
CS,487,500,1,7500,3600,300,30,0.697,0.6938333333333333,0.6918333333333333,0.002094967514996,33339.204876947406
CS,488,500,1,7500,3600,300,40,0.6875,0.6820333333333333,0.6765,0.0042234793450161,33310.99517431259
CS,489,500,1,7500,3600,300,50,0.674,0.6676666666666666,0.6651666666666667,0.0032540572964975,33276.75338230133
CS,490,500,1,7500,3600,600,10,0.7513333333333333,0.7463333333333333,0.7416666666666667,0.0039721250959376,20997.778519678115
CS,491,500,1,7500,3600,600,20,0.7416666666666667,0.7342000000000001,0.7296666666666667,0.0040033319456006,20969.694357156757
CS,492,500,1,7500,3600,600,30,0.733,0.7292,0.725,0.0031312049508846,20785.749903965
CS,493,500,1,7500,3600,600,40,0.7343333333333333,0.7268,0.72,0.005651351854006,20693.577381134037
CS,494,500,1,7500,3600,600,50,0.7196666666666667,0.7162000000000001,0.7123333333333334,0.0027455013709298,20673.76540989876
CS,495,500,1,7500,3600,900,10,0.775,0.7635,0.7525,0.0092897793299948,15537.718073225022
CS,496,500,1,7500,3600,900,20,0.76,0.7575000000000001,0.7535,0.0023021728866442,15431.519115543366
CS,497,500,1,7500,3600,900,30,0.763,0.7518,0.746,0.0060216276869298,15310.548208332062
CS,498,500,1,7500,3600,900,40,0.745,0.7379,0.7345,0.0039166312055132,15208.084934091568
CS,499,500,1,7500,3600,900,50,0.74,0.7318,0.723,0.0060216276869298,15188.01046590805
PSO,300,100,1,7500,3600,60,10,0.908069270449521,0.8828262648257809,0.8707294552169899,0.0134750299640185,8953.28858537674
PSO,301,100,1,7500,3600,60,20,0.8903327426658791,0.8517449733463689,0.7987563595251554,0.0308234657115105,8670.701832056046
PSO,302,100,1,7500,3600,60,30,0.8715633976200247,0.8556155027948897,0.8422491214369386,0.0098748209557324,8507.993351125717
PSO,303,100,1,7500,3600,60,40,0.8895116092874299,0.8632931601195695,0.8260178748758689,0.0225086823980573,8382.606788587571
PSO,304,100,1,7500,3600,60,50,0.8497907949790795,0.82875302509589,0.8091005291005291,0.0149324258490094,8093.170040273666
PSO,305,100,1,7500,3600,300,10,0.9258333333333332,0.8811666666666668,0.78,0.0530921630542378,4386.990109872818
PSO,306,100,1,7500,3600,300,20,0.91,0.9005000000000001,0.88,0.011,4389.764033889771
PSO,307,100,1,7500,3600,300,30,0.95,0.9165,0.8875,0.0228910462845191,4394.2883133888245
PSO,308,100,1,7500,3600,300,40,0.915,0.9066666666666666,0.8983333333333333,0.005451809077932,4394.457917308808
PSO,309,100,1,7500,3600,300,50,0.9516666666666668,0.9056666666666666,0.8441666666666666,0.0379817207497384,4379.020939207077
PSO,310,100,1,7500,3600,600,10,0.95,0.92,0.89,0.0219089023002066,3815.9348072052
PSO,311,100,1,7500,3600,600,20,0.9533333333333334,0.9273333333333332,0.9166666666666666,0.0138884444373331,3815.436523246765
PSO,312,100,1,7500,3600,600,30,0.9483333333333334,0.9263333333333332,0.8966666666666666,0.0192757763930679,3802.53077583313
PSO,313,100,1,7500,3600,600,40,0.95,0.9133333333333332,0.85,0.039665266081716,3801.893675804138
PSO,314,100,1,7500,3600,600,50,0.94,0.916,0.89,0.0185472369909913,3803.6596135139466
PSO,315,100,1,7500,3600,900,10,0.96,0.9335,0.9,0.022781571499789,3621.2981667041777
PSO,316,100,1,7500,3600,900,20,0.93,0.908,0.89,0.0183303027798233,3619.787203645706
PSO,317,100,1,7500,3600,900,30,0.93,0.899,0.83,0.0361109401705356,3618.677008342743
PSO,318,100,1,7500,3600,900,40,0.955,0.911,0.87,0.0316859590355097,3619.640759181976
PSO,319,100,1,7500,3600,900,50,0.96,0.927,0.88,0.030265491900843,3622.507955551148
PSO,320,200,1,7500,3600,60,10,0.8000884564352057,0.7749123418334178,0.741009125067096,0.0213895290794317,24957.122671365734
PSO,321,200,1,7500,3600,60,20,0.7757806826434277,0.7622766146793919,0.7478407810739767,0.0117661746968453,24219.766737508773
PSO,322,200,1,7500,3600,60,30,0.755656108597285,0.7313819780190738,0.689117199391172,0.0236644092087489,23337.47729525566
PSO,323,200,1,7500,3600,60,40,0.7582826896686924,0.7277983229751486,0.7043774872086412,0.0218622412414507,22973.21569185257
PSO,324,200,1,7500,3600,60,50,0.7407260069617105,0.7213368005675361,0.688921859545005,0.0180674679190544,22524.451842880248
PSO,325,200,1,7500,3600,300,10,0.8516666666666667,0.8338333333333333,0.8066666666666666,0.0164768355915543,7686.700738716126
PSO,326,200,1,7500,3600,300,20,0.8795833333333334,0.8314166666666667,0.7804166666666666,0.0323442850868245,7685.10931315422
PSO,327,200,1,7500,3600,300,30,0.84875,0.8278333333333332,0.80375,0.0150517625398341,7680.5147585392
PSO,328,200,1,7500,3600,300,40,0.8729166666666667,0.8355,0.7825,0.0297879076882624,7704.485714864731
PSO,329,200,1,7500,3600,300,50,0.8333333333333334,0.82125,0.8091666666666667,0.0099930531426141,7707.032288265228
PSO,330,200,1,7500,3600,600,10,0.9008333333333334,0.8675,0.8375,0.0239849489842646,5458.0844808578495
PSO,331,200,1,7500,3600,600,20,0.8716666666666667,0.8181666666666667,0.7525,0.0381313519298752,5448.519902276993
PSO,332,200,1,7500,3600,600,30,0.8533333333333334,0.8285,0.8066666666666666,0.018076995817275,5449.531832504273
PSO,333,200,1,7500,3600,600,40,0.8575,0.8355,0.8066666666666666,0.0233011683064271,5449.869532966613
PSO,334,200,1,7500,3600,600,50,0.8591666666666666,0.8308333333333333,0.75,0.040766952847183,5454.382919216156
PSO,335,200,1,7500,3600,900,10,0.85,0.8365,0.80875,0.014435200033252,4709.314220952988
PSO,336,200,1,7500,3600,900,20,0.8625,0.8397500000000001,0.80625,0.0199749843554381,4708.988136720657
PSO,337,200,1,7500,3600,900,30,0.8675,0.84825,0.8275,0.0149916643505649,4712.305675125122
PSO,338,200,1,7500,3600,900,40,0.87,0.8422500000000002,0.8025,0.0274248974473925,4725.238501739502
PSO,339,200,1,7500,3600,900,50,0.86375,0.8465,0.835,0.0106477697195234,4733.920153474808
PSO,340,300,1,7500,3600,60,10,0.7312496334955726,0.7117360293113194,0.695471078258829,0.0140833541209965,53199.95924072266
PSO,341,300,1,7500,3600,60,20,0.704658442275824,0.6927986863874046,0.68134872417983,0.0079596240453286,51171.6101518631
PSO,342,300,1,7500,3600,60,30,0.6842201055633077,0.6626078986216519,0.6460481099656358,0.0142628461590966,50337.06759853363
PSO,343,300,1,7500,3600,60,40,0.6707239357634464,0.6583453130165836,0.647491293692764,0.0080639874091947,49318.73844099045
PSO,344,300,1,7500,3600,60,50,0.6535294117647059,0.644339170723258,0.6367333551984257,0.0058713095988573,47483.07005443573
PSO,345,300,1,7500,3600,300,10,0.8272222222222222,0.7961666666666666,0.7780555555555555,0.0175166587377083,13440.634264469149
PSO,346,300,1,7500,3600,300,20,0.8033333333333333,0.7829999999999999,0.755,0.015770733951935,13424.295201921464
PSO,347,300,1,7500,3600,300,30,0.8080555555555555,0.7917222222222222,0.7547222222222222,0.0192525451259609,13422.43470044136
PSO,348,300,1,7500,3600,300,40,0.7705555555555555,0.7659444444444444,0.7608333333333334,0.0033175552504074,13420.719508075714
PSO,349,300,1,7500,3600,300,50,0.7922222222222223,0.779,0.77,0.0078892801154947,13417.601514434817
PSO,350,300,1,7500,3600,600,10,0.8388888888888889,0.8046666666666666,0.7827777777777778,0.0217465762879335,8367.515047359466
PSO,351,300,1,7500,3600,600,20,0.8294444444444444,0.7995555555555555,0.7688888888888888,0.0222677311788123,8366.943578147888
PSO,352,300,1,7500,3600,600,30,0.8238888888888889,0.806111111111111,0.7872222222222223,0.0159319540701643,8357.392835760116
PSO,353,300,1,7500,3600,600,40,0.8105555555555556,0.7977777777777779,0.7705555555555555,0.0143156652519168,8376.77591266632
PSO,354,300,1,7500,3600,600,50,0.8044444444444444,0.7918888888888889,0.7777777777777778,0.0112249721603218,8371.434856414795
PSO,355,300,1,7500,3600,900,10,0.83,0.797,0.7641666666666667,0.021019831905449,6671.099428844452
PSO,356,300,1,7500,3600,900,20,0.825,0.8043333333333333,0.7683333333333333,0.0193031373385548,6676.851297283172
PSO,357,300,1,7500,3600,900,30,0.8208333333333333,0.8089999999999999,0.8,0.0067164805598699,6664.231520795822
PSO,358,300,1,7500,3600,900,40,0.8216666666666667,0.7973333333333333,0.7658333333333334,0.0180539315508961,6662.709310150147
PSO,359,300,1,7500,3600,900,50,0.8166666666666667,0.8006666666666667,0.7825,0.0118836956466505,6669.243676996231
PSO,360,400,1,7500,3600,60,10,0.6931803192191004,0.6832189013744444,0.6742940603700097,0.0062215081662884,88785.52256512642
PSO,361,400,1,7500,3600,60,20,0.6666218034993271,0.6594974749577093,0.6505609844372059,0.0052625971922806,87149.43849992752
PSO,362,400,1,7500,3600,60,30,0.6505985707132778,0.6391684559996892,0.628903141238706,0.0070229521415238,85050.03226246833
PSO,363,400,1,7500,3600,60,40,0.6316252779836916,0.6184222786772985,0.5975828316713386,0.0120068805051089,83585.73093690872
PSO,364,400,1,7500,3600,60,50,0.6191412808827057,0.6075820084387071,0.5978551000953289,0.0073003601742023,81720.15114274024
PSO,365,400,1,7500,3600,300,10,0.7860416666666666,0.7775416666666667,0.764375,0.0085740240779279,21817.28863229752
PSO,366,400,1,7500,3600,300,20,0.7672916666666667,0.7612916666666666,0.7535416666666667,0.0050679411774188,21798.584835243222
PSO,367,400,1,7500,3600,300,30,0.7679166666666667,0.7598333333333334,0.7539583333333333,0.0048901119051044,21801.64298853874
PSO,368,400,1,7500,3600,300,40,0.7577083333333333,0.752,0.7435416666666667,0.0060446831550085,21811.434467744828
PSO,369,400,1,7500,3600,300,50,0.758125,0.749625,0.7433333333333333,0.0057030084653238,21815.14591674805
PSO,370,400,1,7500,3600,600,10,0.8025,0.7906666666666666,0.7795833333333333,0.0081590100161995,12538.24931359291
PSO,371,400,1,7500,3600,600,20,0.815,0.8011666666666667,0.7925,0.0077387911774959,12552.804864311218
PSO,372,400,1,7500,3600,600,30,0.8129166666666666,0.78975,0.7783333333333333,0.0131487219488773,12542.472911739347
PSO,373,400,1,7500,3600,600,40,0.8075,0.7768333333333334,0.7570833333333333,0.0197248433313029,12541.00229768753
PSO,374,400,1,7500,3600,600,50,0.7895833333333333,0.7765833333333333,0.76875,0.008745633831296,12540.75820364952
PSO,375,400,1,7500,3600,900,10,0.828125,0.8057500000000001,0.79,0.0124837394237463,9488.223444461824
PSO,376,400,1,7500,3600,900,20,0.806875,0.797125,0.785625,0.0073058195981012,9491.961873054504
PSO,377,400,1,7500,3600,900,30,0.806875,0.794875,0.78,0.0097899821246006,9483.954824209211
PSO,378,400,1,7500,3600,900,40,0.811875,0.7905000000000001,0.78,0.0110989864402115,9483.458074045182
PSO,379,400,1,7500,3600,900,50,0.793125,0.7863749999999999,0.783125,0.0035881750236018,9481.334080171586
PSO,380,500,1,7500,3600,60,10,0.6571810475218967,0.6377644593433557,0.6162940210015001,0.016054554588502,114337.64564347269
PSO,381,500,1,7500,3600,60,20,0.6280598935067719,0.6209565594524384,0.6136249190705705,0.005843775100892,109846.77293510437
PSO,382,500,1,7500,3600,60,30,0.6152261887556005,0.6082448056859147,0.6018693628164097,0.004729844479459,108614.99747452736
PSO,383,500,1,7500,3600,60,40,0.5830676195711929,0.5737018644504758,0.5574351479722324,0.009734941655437,106994.10332770347
PSO,384,500,1,7500,3600,60,50,0.5687358916478555,0.5604093629821565,0.5481831945495836,0.0074728328608648,105235.38279571533
PSO,385,500,1,7500,3600,300,10,0.781,0.7587666666666667,0.739,0.0143277508508643,32980.152351808545
PSO,386,500,1,7500,3600,300,20,0.77,0.7539,0.7348333333333333,0.0129200963188704,33001.89625020027
PSO,387,500,1,7500,3600,300,30,0.7626666666666667,0.742,0.7306666666666667,0.0130694724878669,33039.21337938309
PSO,388,500,1,7500,3600,300,40,0.756,0.7409,0.725,0.0118676029593174,33005.263041305545
PSO,389,500,1,7500,3600,300,50,0.7566666666666667,0.7334333333333334,0.7205,0.0128264483695907,33004.11459178924
PSO,390,500,1,7500,3600,600,10,0.7883333333333333,0.7685333333333333,0.7476666666666667,0.0132222035480726,18054.38786149025
PSO,391,500,1,7500,3600,600,20,0.7816666666666666,0.7699333333333334,0.751,0.0129467284584862,18059.30713191033
PSO,392,500,1,7500,3600,600,30,0.7716666666666666,0.76,0.7506666666666667,0.0071242933372759,18064.40070362091
PSO,393,500,1,7500,3600,600,40,0.7746666666666666,0.7485333333333333,0.7176666666666667,0.0198041522021126,18043.18738036156
PSO,394,500,1,7500,3600,600,50,0.7593333333333333,0.748,0.734,0.0091384413939747,18049.137893533705
PSO,395,500,1,7500,3600,900,10,0.7855,0.7796,0.773,0.0048826222462934,13224.304018449784
PSO,396,500,1,7500,3600,900,20,0.823,0.7899999999999999,0.775,0.0177510563065976,13225.856218862533
PSO,397,500,1,7500,3600,900,30,0.793,0.7841,0.776,0.0059949979149287,13212.147600603104
PSO,398,500,1,7500,3600,900,40,0.781,0.766,0.7475,0.010714476188783,13197.936722135544
PSO,399,500,1,7500,3600,900,50,0.777,0.7669,0.7485,0.0100169855745129,13204.535969305038
